symbol,total_return,sharpe_ratio,max_drawdown,win_rate,total_trades,composite_score,rank
011155,0,0,0,0,0,0.2,1
069730,0,0,0,0,0,0.2,2
001067,0,0,0,0,0,0.2,3
38380K,0,0,0,0,0,0.2,4
003080,0,0,0,0,0,0.2,5
001515,0,0,0,0,0,0.2,6
012205,0,0,0,0,0,0.2,7
014285,0,0,0,0,0,0.2,8
002995,0,0,0,0,0,0.2,9
004545,0,0,0,0,0,0.2,10
008355,0,0,0,0,0,0.2,11
003925,0,0,0,0,0,0.2,12
005725,0,0,0,0,0,0.2,13
090355,0,0,0,0,0,0.2,14
000325,0,0,0,0,0,0.2,15
005257,0,0,0,0,0,0.2,16
002880,0,0,0,0,0,0.2,17
004835,0,0,0,0,0,0.2,18
005965,0,0,0,0,0,0.2,19
001527,0,0,0,0,0,0.2,20
001525,0,0,0,0,0,0.2,21
014825,0,0,0,0,0,0.2,22
111380,0,0,0,0,0,0.2,23
00499K,0,0,0,0,0,0.2,24
001080,0,0,0,0,0,0.2,25
090370,0,0,0,0,0,0.2,26
107590,0,0,0,0,0,0.2,27
134380,0,0,0,0,0,0.2,28
001275,0,0,0,0,0,0.2,29
145995,0,0,0,0,0,0.2,30
000075,0,0,0,0,0,0.2,31
004415,0,0,0,0,0,0.2,32
014915,0,0,0,0,0,0.2,33
134790,0,0,0,0,0,0.2,34
019175,0,0,0,0,0,0.2,35
004080,0,0,0,0,0,0.2,36
005820,0,0,0,0,0,0.2,37
000227,0,0,0,0,0,0.2,38
003465,0,0,0,0,0,0.2,39
007575,0,0,0,0,0,0.2,40
002600,0,0,0,0,0,0.2,41
002787,0,0,0,0,0,0.2,42
002785,0,0,0,0,0,0.2,43
009310,0,0,0,0,0,0.2,44
007815,0,0,0,0,0,0.2,45
00781K,0,0,0,0,0,0.2,46
003075,0,0,0,0,0,0.2,47
005745,0,0,0,0,0,0.2,48
009415,0,0,0,0,0,0.2,49
36328K,0,0,0,0,0,0.2,50
000145,0,0,0,0,0,0.2,51
001755,0,0,0,0,0,0.2,52
45226K,0,0,0,0,0,0.2,53
000885,0,0,0,0,0,0.2,54
000545,0,0,0,0,0,0.2,55
443060,0,0,0,0,0,0.2,56
071970,0,0,0,0,0,0.2,57
010620,0,0,0,0,0,0.2,58
322000,0,0,0,0,0,0.2,59
042670,0,0,0,0,0,0.2,60
267260,0,0,0,0,0,0.2,61
329180,0,0,0,0,0,0.2,62
097230,0,0,0,0,0,0.2,63
014790,0,0,0,0,0,0.2,64
003580,0,0,0,0,0,0.2,65
095570,0,0,0,0,0,0.2,66
006840,0,0,0,0,0,0.2,67
027410,0,0,0,0,0,0.2,68
282330,0,0,0,0,0,0.2,69
138930,0,0,0,0,0,0.2,70
001460,0,0,0,0,0,0.2,71
001465,0,0,0,0,0,0.2,72
001040,0,0,0,0,0,0.2,73
079160,0,0,0,0,0,0.2,74
00104K,0,0,0,0,0,0.2,75
007070,0,0,0,0,0,0.2,76
078935,0,0,0,0,0,0.2,77
499790,0,0,0,0,0,0.2,78
012630,0,0,0,0,0,0.2,79
039570,0,0,0,0,0,0.2,80
089470,0,0,0,0,0,0.2,81
294870,0,0,0,0,0,0.2,82
009540,0,0,0,0,0,0.2,83
267250,0,0,0,0,0,0.2,84
267270,0,0,0,0,0,0.2,85
001060,0,0,0,0,0,0.2,86
001065,0,0,0,0,0,0.2,87
096760,0,0,0,0,0,0.2,88
105560,0,0,0,0,0,0.2,89
415640,0,0,0,0,0,0.2,90
432320,0,0,0,0,0,0.2,91
002380,0,0,0,0,0,0.2,92
344820,0,0,0,0,0,0.2,93
009070,0,0,0,0,0,0.2,94
092220,0,0,0,0,0,0.2,95
204320,0,0,0,0,0,0.2,96
060980,0,0,0,0,0,0.2,97
011200,0,0,0,0,0,0.2,98
035000,0,0,0,0,0,0.2,99
002460,0,0,0,0,0,0.2,100
487570,0,0,0,0,0,0.2,101
298050,0,0,0,0,0,0.2,102
015360,0,0,0,0,0,0.2,103
175330,0,0,0,0,0,0.2,104
234080,0,0,0,0,0,0.2,105
000120,0,0,0,0,0,0.2,106
011150,0,0,0,0,0,0.2,107
001045,0,0,0,0,0,0.2,108
097950,0,0,0,0,0,0.2,109
097955,0,0,0,0,0,0.2,110
000480,0,0,0,0,0,0.2,111
000590,0,0,0,0,0,0.2,112
012030,0,0,0,0,0,0.2,113
005830,0,0,0,0,0,0.2,114
016610,0,0,0,0,0,0.2,115
017860,0,0,0,0,0,0.2,116
092780,0,0,0,0,0,0.2,117
017940,0,0,0,0,0,0.2,118
365550,0,0,0,0,0,0.2,119
383220,0,0,0,0,0,0.2,120
007700,0,0,0,0,0,0.2,121
114090,0,0,0,0,0,0.2,122
078930,0,0,0,0,0,0.2,123
006360,0,0,0,0,0,0.2,124
001250,0,0,0,0,0,0.2,125
000990,0,0,0,0,0,0.2,126
001530,0,0,0,0,0,0.2,127
000210,0,0,0,0,0,0.2,128
000215,0,0,0,0,0,0.2,129
375500,0,0,0,0,0,0.2,130
37550L,0,0,0,0,0,0.2,131
37550K,0,0,0,0,0,0.2,132
007340,0,0,0,0,0,0.2,133
004840,0,0,0,0,0,0.2,134
155660,0,0,0,0,0,0.2,135
058850,0,0,0,0,0,0.2,136
058860,0,0,0,0,0,0.2,137
093050,0,0,0,0,0,0.2,138
003550,0,0,0,0,0,0.2,139
034220,0,0,0,0,0,0.2,140
051900,0,0,0,0,0,0.2,141
051905,0,0,0,0,0,0.2,142
064400,0,0,0,0,0,0.2,143
373220,0,0,0,0,0,0.2,144
003555,0,0,0,0,0,0.2,145
010060,0,0,0,0,0,0.2,146
178920,0,0,0,0,0,0.2,147
001340,0,0,0,0,0,0.2,148
005490,0,0,0,0,0,0.2,149
010950,0,0,0,0,0,0.2,150
010955,0,0,0,0,0,0.2,151
034120,0,0,0,0,0,0.2,152
005090,0,0,0,0,0,0.2,153
001380,0,0,0,0,0,0.2,154
004060,0,0,0,0,0,0.2,155
003620,0,0,0,0,0,0.2,156
016380,0,0,0,0,0,0.2,157
001390,0,0,0,0,0,0.2,158
001940,0,0,0,0,0,0.2,159
025000,0,0,0,0,0,0.2,160
092230,0,0,0,0,0,0.2,161
000040,0,0,0,0,0,0.2,162
044450,0,0,0,0,0,0.2,163
030200,0,0,0,0,0,0.2,164
033780,0,0,0,0,0,0.2,165
400760,0,0,0,0,0,0.2,166
005940,0,0,0,0,0,0.2,167
005945,0,0,0,0,0,0.2,168
338100,0,0,0,0,0,0.2,169
034310,0,0,0,0,0,0.2,170
030190,0,0,0,0,0,0.2,171
008260,0,0,0,0,0,0.2,172
004250,0,0,0,0,0,0.2,173
004255,0,0,0,0,0,0.2,174
456040,0,0,0,0,0,0.2,175
032640,0,0,0,0,0,0.2,176
011070,0,0,0,0,0,0.2,177
066570,0,0,0,0,0,0.2,178
066575,0,0,0,0,0,0.2,179
037560,0,0,0,0,0,0.2,180
051910,0,0,0,0,0,0.2,181
051915,0,0,0,0,0,0.2,182
079550,0,0,0,0,0,0.2,183
006260,0,0,0,0,0,0.2,184
010120,0,0,0,0,0,0.2,185
000680,0,0,0,0,0,0.2,186
229640,0,0,0,0,0,0.2,187
108320,0,0,0,0,0,0.2,188
001120,0,0,0,0,0,0.2,189
108670,0,0,0,0,0,0.2,190
108675,0,0,0,0,0,0.2,191
383800,0,0,0,0,0,0.2,192
023150,0,0,0,0,0,0.2,193
035420,0,0,0,0,0,0.2,194
181710,0,0,0,0,0,0.2,195
001770,0,0,0,0,0,0.2,196
002360,0,0,0,0,0,0.2,197
009160,0,0,0,0,0,0.2,198
033530,0,0,0,0,0,0.2,199
123700,0,0,0,0,0,0.2,200
025530,0,0,0,0,0,0.2,201
034730,0,0,0,0,0,0.2,202
011790,0,0,0,0,0,0.2,203
018670,0,0,0,0,0,0.2,204
001740,0,0,0,0,0,0.2,205
006120,0,0,0,0,0,0.2,206
006125,0,0,0,0,0,0.2,207
210980,0,0,0,0,0,0.2,208
395400,0,0,0,0,0,0.2,209
302440,0,0,0,0,0,0.2,210
326030,0,0,0,0,0,0.2,211
402340,0,0,0,0,0,0.2,212
361610,0,0,0,0,0,0.2,213
100090,0,0,0,0,0,0.2,214
03473K,0,0,0,0,0,0.2,215
267290,0,0,0,0,0,0.2,216
012320,0,0,0,0,0,0.2,217
000050,0,0,0,0,0,0.2,218
214390,0,0,0,0,0,0.2,219
012610,0,0,0,0,0,0.2,220
009140,0,0,0,0,0,0.2,221
013580,0,0,0,0,0,0.2,222
012200,0,0,0,0,0,0.2,223
002140,0,0,0,0,0,0.2,224
010130,0,0,0,0,0,0.2,225
100840,0,0,0,0,0,0.2,226
036530,0,0,0,0,0,0.2,227
005610,0,0,0,0,0,0.2,228
465770,0,0,0,0,0,0.2,229
077970,0,0,0,0,0,0.2,230
002820,0,0,0,0,0,0.2,231
084870,0,0,0,0,0,0.2,232
002710,0,0,0,0,0,0.2,233
069260,0,0,0,0,0,0.2,234
007980,0,0,0,0,0,0.2,235
002350,0,0,0,0,0,0.2,236
002355,0,0,0,0,0,0.2,237
092790,0,0,0,0,0,0.2,238
251270,0,0,0,0,0,0.2,239
090350,0,0,0,0,0,0.2,240
000320,0,0,0,0,0,0.2,241
006280,0,0,0,0,0,0.2,242
005250,0,0,0,0,0,0.2,243
004370,0,0,0,0,0,0.2,244
072710,0,0,0,0,0,0.2,245
096770,0,0,0,0,0,0.2,246
096775,0,0,0,0,0,0.2,247
475150,0,0,0,0,0,0.2,248
001510,0,0,0,0,0,0.2,249
285130,0,0,0,0,0,0.2,250
28513K,0,0,0,0,0,0.2,251
017670,0,0,0,0,0,0.2,252
000660,0,0,0,0,0,0.2,253
003570,0,0,0,0,0,0.2,254
064960,0,0,0,0,0,0.2,255
002900,0,0,0,0,0,0.2,256
024070,0,0,0,0,0,0.2,257
037270,0,0,0,0,0,0.2,258
139130,0,0,0,0,0,0.2,259
000500,0,0,0,0,0,0.2,260
000860,0,0,0,0,0,0.2,261
035250,0,0,0,0,0,0.2,262
011420,0,0,0,0,0,0.2,263
002100,0,0,0,0,0,0.2,264
009450,0,0,0,0,0,0.2,265
014530,0,0,0,0,0,0.2,266
014280,0,0,0,0,0,0.2,267
008870,0,0,0,0,0,0.2,268
002990,0,0,0,0,0,0.2,269
011780,0,0,0,0,0,0.2,270
011785,0,0,0,0,0,0.2,271
214330,0,0,0,0,0,0.2,272
001210,0,0,0,0,0,0.2,273
073240,0,0,0,0,0,0.2,274
092440,0,0,0,0,0,0.2,275
002240,0,0,0,0,0,0.2,276
009290,0,0,0,0,0,0.2,277
017040,0,0,0,0,0,0.2,278
017900,0,0,0,0,0,0.2,279
037710,0,0,0,0,0,0.2,280
030610,0,0,0,0,0,0.2,281
339770,0,0,0,0,0,0.2,282
007690,0,0,0,0,0,0.2,283
002720,0,0,0,0,0,0.2,284
083420,0,0,0,0,0,0.2,285
000270,0,0,0,0,0,0.2,286
024110,0,0,0,0,0,0.2,287
013700,0,0,0,0,0,0.2,288
004540,0,0,0,0,0,0.2,289
001260,0,0,0,0,0,0.2,290
008350,0,0,0,0,0,0.2,291
004270,0,0,0,0,0,0.2,292
003920,0,0,0,0,0,0.2,293
025860,0,0,0,0,0,0.2,294
005720,0,0,0,0,0,0.2,295
058730,0,0,0,0,0,0.2,296
030210,0,0,0,0,0,0.2,297
023590,0,0,0,0,0,0.2,298
145210,0,0,0,0,0,0.2,299
483650,0,0,0,0,0,0.2,300
019680,0,0,0,0,0,0.2,301
019685,0,0,0,0,0,0.2,302
006370,0,0,0,0,0,0.2,303
008060,0,0,0,0,0,0.2,304
00806K,0,0,0,0,0,0.2,305
353200,0,0,0,0,0,0.2,306
35320K,0,0,0,0,0,0.2,307
000490,0,0,0,0,0,0.2,308
005750,0,0,0,0,0,0.2,309
006570,0,0,0,0,0,0.2,310
001680,0,0,0,0,0,0.2,311
001685,0,0,0,0,0,0.2,312
084690,0,0,0,0,0,0.2,313
084695,0,0,0,0,0,0.2,314
128820,0,0,0,0,0,0.2,315
117580,0,0,0,0,0,0.2,316
016710,0,0,0,0,0,0.2,317
003540,0,0,0,0,0,0.2,318
003547,0,0,0,0,0,0.2,319
003545,0,0,0,0,0,0.2,320
009190,0,0,0,0,0,0.2,321
014160,0,0,0,0,0,0.2,322
047040,0,0,0,0,0,0.2,323
003090,0,0,0,0,0,0.2,324
069620,0,0,0,0,0,0.2,325
084010,0,0,0,0,0,0.2,326
001790,0,0,0,0,0,0.2,327
001795,0,0,0,0,0,0.2,328
001130,0,0,0,0,0,0.2,329
003490,0,0,0,0,0,0.2,330
003495,0,0,0,0,0,0.2,331
005880,0,0,0,0,0,0.2,332
003830,0,0,0,0,0,0.2,333
016090,0,0,0,0,0,0.2,334
069460,0,0,0,0,0,0.2,335
000430,0,0,0,0,0,0.2,336
006340,0,0,0,0,0,0.2,337
006345,0,0,0,0,0,0.2,338
003220,0,0,0,0,0,0.2,339
024890,0,0,0,0,0,0.2,340
012800,0,0,0,0,0,0.2,341
015230,0,0,0,0,0,0.2,342
001070,0,0,0,0,0,0.2,343
006650,0,0,0,0,0,0.2,344
001440,0,0,0,0,0,0.2,345
475560,0,0,0,0,0,0.2,346
192080,0,0,0,0,0,0.2,347
012510,0,0,0,0,0,0.2,348
004830,0,0,0,0,0,0.2,349
145720,0,0,0,0,0,0.2,350
002150,0,0,0,0,0,0.2,351
460850,0,0,0,0,0,0.2,352
460860,0,0,0,0,0,0.2,353
001230,0,0,0,0,0,0.2,354
023450,0,0,0,0,0,0.2,355
082640,0,0,0,0,0,0.2,356
008970,0,0,0,0,0,0.2,357
049770,0,0,0,0,0,0.2,358
018500,0,0,0,0,0,0.2,359
006040,0,0,0,0,0,0.2,360
030720,0,0,0,0,0,0.2,361
014820,0,0,0,0,0,0.2,362
163560,0,0,0,0,0,0.2,363
004890,0,0,0,0,0,0.2,364
002690,0,0,0,0,0,0.2,365
004140,0,0,0,0,0,0.2,366
007590,0,0,0,0,0,0.2,367
005960,0,0,0,0,0,0.2,368
026960,0,0,0,0,0,0.2,369
102260,0,0,0,0,0,0.2,370
000640,0,0,0,0,0,0.2,371
170900,0,0,0,0,0,0.2,372
028100,0,0,0,0,0,0.2,373
001520,0,0,0,0,0,0.2,374
084670,0,0,0,0,0,0.2,375
000020,0,0,0,0,0,0.2,376
000150,0,0,0,0,0,0.2,377
000157,0,0,0,0,0,0.2,378
454910,0,0,0,0,0,0.2,379
241560,0,0,0,0,0,0.2,380
034020,0,0,0,0,0,0.2,381
000155,0,0,0,0,0,0.2,382
336260,0,0,0,0,0,0.2,383
33626K,0,0,0,0,0,0.2,384
33626L,0,0,0,0,0,0.2,385
016740,0,0,0,0,0,0.2,386
192650,0,0,0,0,0,0.2,387
024090,0,0,0,0,0,0.2,388
003160,0,0,0,0,0,0.2,389
092200,0,0,0,0,0,0.2,390
377190,0,0,0,0,0,0.2,391
013570,0,0,0,0,0,0.2,392
024900,0,0,0,0,0,0.2,393
210540,0,0,0,0,0,0.2,394
032350,0,0,0,0,0,0.2,395
089860,0,0,0,0,0,0.2,396
330590,0,0,0,0,0,0.2,397
000400,0,0,0,0,0,0.2,398
023530,0,0,0,0,0,0.2,399
020150,0,0,0,0,0,0.2,400
280360,0,0,0,0,0,0.2,401
286940,0,0,0,0,0,0.2,402
004000,0,0,0,0,0,0.2,403
004990,0,0,0,0,0,0.2,404
005300,0,0,0,0,0,0.2,405
005305,0,0,0,0,0,0.2,406
011170,0,0,0,0,0,0.2,407
071840,0,0,0,0,0,0.2,408
027740,0,0,0,0,0,0.2,409
357430,0,0,0,0,0,0.2,410
088980,0,0,0,0,0,0.2,411
094800,0,0,0,0,0,0.2,412
138040,0,0,0,0,0,0.2,413
118000,0,0,0,0,0,0.2,414
017180,0,0,0,0,0,0.2,415
009900,0,0,0,0,0,0.2,416
012690,0,0,0,0,0,0.2,417
005360,0,0,0,0,0,0.2,418
070960,0,0,0,0,0,0.2,419
009680,0,0,0,0,0,0.2,420
009580,0,0,0,0,0,0.2,421
009200,0,0,0,0,0,0.2,422
033920,0,0,0,0,0,0.2,423
008420,0,0,0,0,0,0.2,424
007120,0,0,0,0,0,0.2,425
377740,0,0,0,0,0,0.2,426
003610,0,0,0,0,0,0.2,427
035150,0,0,0,0,0,0.2,428
007210,0,0,0,0,0,0.2,429
002760,0,0,0,0,0,0.2,430
003850,0,0,0,0,0,0.2,431
000890,0,0,0,0,0,0.2,432
003000,0,0,0,0,0,0.2,433
001270,0,0,0,0,0,0.2,434
026940,0,0,0,0,0,0.2,435
011390,0,0,0,0,0,0.2,436
002070,0,0,0,0,0,0.2,437
100220,0,0,0,0,0,0.2,438
090460,0,0,0,0,0,0.2,439
005180,0,0,0,0,0,0.2,440
003960,0,0,0,0,0,0.2,441
008040,0,0,0,0,0,0.2,442
007160,0,0,0,0,0,0.2,443
014710,0,0,0,0,0,0.2,444
006090,0,0,0,0,0,0.2,445
396690,0,0,0,0,0,0.2,446
357250,0,0,0,0,0,0.2,447
085620,0,0,0,0,0,0.2,448
006800,0,0,0,0,0,0.2,449
00680K,0,0,0,0,0,0.2,450
006805,0,0,0,0,0,0.2,451
081660,0,0,0,0,0,0.2,452
002840,0,0,0,0,0,0.2,453
268280,0,0,0,0,0,0.2,454
003650,0,0,0,0,0,0.2,455
062040,0,0,0,0,0,0.2,456
028050,0,0,0,0,0,0.2,457
448730,0,0,0,0,0,0.2,458
006400,0,0,0,0,0,0.2,459
006405,0,0,0,0,0,0.2,460
006660,0,0,0,0,0,0.2,461
028260,0,0,0,0,0,0.2,462
02826K,0,0,0,0,0,0.2,463
207940,0,0,0,0,0,0.2,464
032830,0,0,0,0,0,0.2,465
000810,0,0,0,0,0,0.2,466
000815,0,0,0,0,0,0.2,467
006110,0,0,0,0,0,0.2,468
145990,0,0,0,0,0,0.2,469
003230,0,0,0,0,0,0.2,470
002170,0,0,0,0,0,0.2,471
272550,0,0,0,0,0,0.2,472
000070,0,0,0,0,0,0.2,473
003720,0,0,0,0,0,0.2,474
002810,0,0,0,0,0,0.2,475
018260,0,0,0,0,0,0.2,476
009150,0,0,0,0,0,0.2,477
009155,0,0,0,0,0,0.2,478
005930,0,0,0,0,0,0.2,479
005935,0,0,0,0,0,0.2,480
001360,0,0,0,0,0,0.2,481
010140,0,0,0,0,0,0.2,482
016360,0,0,0,0,0,0.2,483
068290,0,0,0,0,0,0.2,484
029780,0,0,0,0,0,0.2,485
200880,0,0,0,0,0,0.2,486
017390,0,0,0,0,0,0.2,487
031210,0,0,0,0,0,0.2,488
004410,0,0,0,0,0,0.2,489
021050,0,0,0,0,0,0.2,490
008490,0,0,0,0,0,0.2,491
136490,0,0,0,0,0,0.2,492
014910,0,0,0,0,0,0.2,493
004980,0,0,0,0,0,0.2,494
004985,0,0,0,0,0,0.2,495
005680,0,0,0,0,0,0.2,496
023000,0,0,0,0,0,0.2,497
002450,0,0,0,0,0,0.2,498
004440,0,0,0,0,0,0.2,499
000520,0,0,0,0,0,0.2,500
009770,0,0,0,0,0,0.2,501
005500,0,0,0,0,0,0.2,502
004690,0,0,0,0,0,0.2,503
010960,0,0,0,0,0,0.2,504
004450,0,0,0,0,0,0.2,505
058650,0,0,0,0,0,0.2,506
013000,0,0,0,0,0,0.2,507
021820,0,0,0,0,0,0.2,508
067830,0,0,0,0,0,0.2,509
075580,0,0,0,0,0,0.2,510
068270,0,0,0,0,0,0.2,511
336370,0,0,0,0,0,0.2,512
33637K,0,0,0,0,0,0.2,513
33637L,0,0,0,0,0,0.2,514
248070,0,0,0,0,0,0.2,515
009470,0,0,0,0,0,0.2,516
011230,0,0,0,0,0,0.2,517
001820,0,0,0,0,0,0.2,518
000390,0,0,0,0,0,0.2,519
001290,0,0,0,0,0,0.2,520
041650,0,0,0,0,0,0.2,521
075180,0,0,0,0,0,0.2,522
007540,0,0,0,0,0,0.2,523
248170,0,0,0,0,0,0.2,524
007860,0,0,0,0,0,0.2,525
011300,0,0,0,0,0,0.2,526
000180,0,0,0,0,0,0.2,527
002420,0,0,0,0,0,0.2,528
004360,0,0,0,0,0,0.2,529
004365,0,0,0,0,0,0.2,530
004490,0,0,0,0,0,0.2,531
001430,0,0,0,0,0,0.2,532
306200,0,0,0,0,0,0.2,533
003030,0,0,0,0,0,0.2,534
019440,0,0,0,0,0,0.2,535
004430,0,0,0,0,0,0.2,536
017550,0,0,0,0,0,0.2,537
126720,0,0,0,0,0,0.2,538
053210,0,0,0,0,0,0.2,539
026890,0,0,0,0,0,0.2,540
462870,0,0,0,0,0,0.2,541
016590,0,0,0,0,0,0.2,542
029530,0,0,0,0,0,0.2,543
004970,0,0,0,0,0,0.2,544
011930,0,0,0,0,0,0.2,545
002870,0,0,0,0,0,0.2,546
019170,0,0,0,0,0,0.2,547
481850,0,0,0,0,0,0.2,548
404990,0,0,0,0,0,0.2,549
293940,0,0,0,0,0,0.2,550
055550,0,0,0,0,0,0.2,551
004770,0,0,0,0,0,0.2,552
403550,0,0,0,0,0,0.2,553
004920,0,0,0,0,0,0.2,554
112610,0,0,0,0,0,0.2,555
480370,0,0,0,0,0,0.2,556
308170,0,0,0,0,0,0.2,557
008700,0,0,0,0,0,0.2,558
090430,0,0,0,0,0,0.2,559
090435,0,0,0,0,0,0.2,560
002790,0,0,0,0,0,0.2,561
00279K,0,0,0,0,0,0.2,562
002795,0,0,0,0,0,0.2,563
002030,0,0,0,0,0,0.2,564
183190,0,0,0,0,0,0.2,565
005390,0,0,0,0,0,0.2,566
004170,0,0,0,0,0,0.2,567
035510,0,0,0,0,0,0.2,568
031430,0,0,0,0,0,0.2,569
031440,0,0,0,0,0,0.2,570
006880,0,0,0,0,0,0.2,571
005800,0,0,0,0,0,0.2,572
001720,0,0,0,0,0,0.2,573
009270,0,0,0,0,0,0.2,574
002700,0,0,0,0,0,0.2,575
002310,0,0,0,0,0,0.2,576
012170,0,0,0,0,0,0.2,577
267850,0,0,0,0,0,0.2,578
020560,0,0,0,0,0,0.2,579
122900,0,0,0,0,0,0.2,580
010780,0,0,0,0,0,0.2,581
031820,0,0,0,0,0,0.2,582
139990,0,0,0,0,0,0.2,583
009320,0,0,0,0,0,0.2,584
001780,0,0,0,0,0,0.2,585
015260,0,0,0,0,0,0.2,586
007460,0,0,0,0,0,0.2,587
003060,0,0,0,0,0,0.2,588
244920,0,0,0,0,0,0.2,589
278470,0,0,0,0,0,0.2,590
450080,0,0,0,0,0,0.2,591
019490,0,0,0,0,0,0.2,592
036570,0,0,0,0,0,0.2,593
085310,0,0,0,0,0,0.2,594
900140,0,0,0,0,0,0.2,595
066970,0,0,0,0,0,0.2,596
097520,0,0,0,0,0,0.2,597
484870,0,0,0,0,0,0.2,598
014440,0,0,0,0,0,0.2,599
111770,0,0,0,0,0,0.2,600
009970,0,0,0,0,0,0.2,601
003520,0,0,0,0,0,0.2,602
000670,0,0,0,0,0,0.2,603
006740,0,0,0,0,0,0.2,604
012280,0,0,0,0,0,0.2,605
018250,0,0,0,0,0,0.2,606
161000,0,0,0,0,0,0.2,607
011090,0,0,0,0,0,0.2,608
137310,0,0,0,0,0,0.2,609
005850,0,0,0,0,0,0.2,610
010580,0,0,0,0,0,0.2,611
012750,0,0,0,0,0,0.2,612
023960,0,0,0,0,0,0.2,613
298690,0,0,0,0,0,0.2,614
078520,0,0,0,0,0,0.2,615
012160,0,0,0,0,0,0.2,616
007310,0,0,0,0,0,0.2,617
002630,0,0,0,0,0,0.2,618
271560,0,0,0,0,0,0.2,619
001800,0,0,0,0,0,0.2,620
005320,0,0,0,0,0,0.2,621
011690,0,0,0,0,0,0.2,622
316140,0,0,0,0,0,0.2,623
006980,0,0,0,0,0,0.2,624
017370,0,0,0,0,0,0.2,625
001200,0,0,0,0,0,0.2,626
000100,0,0,0,0,0,0.2,627
000105,0,0,0,0,0,0.2,628
003460,0,0,0,0,0,0.2,629
008730,0,0,0,0,0,0.2,630
008250,0,0,0,0,0,0.2,631
025820,0,0,0,0,0,0.2,632
214320,0,0,0,0,0,0.2,633
088260,0,0,0,0,0,0.2,634
139480,0,0,0,0,0,0.2,635
105840,0,0,0,0,0,0.2,636
010400,0,0,0,0,0,0.2,637
049800,0,0,0,0,0,0.2,638
016880,0,0,0,0,0,0.2,639
095720,0,0,0,0,0,0.2,640
008600,0,0,0,0,0,0.2,641
033270,0,0,0,0,0,0.2,642
014830,0,0,0,0,0,0.2,643
446070,0,0,0,0,0,0.2,644
000910,0,0,0,0,0,0.2,645
457190,0,0,0,0,0,0.2,646
007660,0,0,0,0,0,0.2,647
005950,0,0,0,0,0,0.2,648
015020,0,0,0,0,0,0.2,649
102460,0,0,0,0,0,0.2,650
084680,0,0,0,0,0,0.2,651
350520,0,0,0,0,0,0.2,652
334890,0,0,0,0,0,0.2,653
000760,0,0,0,0,0,0.2,654
014990,0,0,0,0,0,0.2,655
047400,0,0,0,0,0,0.2,656
011330,0,0,0,0,0,0.2,657
077500,0,0,0,0,0,0.2,658
002920,0,0,0,0,0,0.2,659
000700,0,0,0,0,0,0.2,660
003470,0,0,0,0,0,0.2,661
003475,0,0,0,0,0,0.2,662
072130,0,0,0,0,0,0.2,663
000220,0,0,0,0,0,0.2,664
000225,0,0,0,0,0,0.2,665
101140,0,0,0,0,0,0.2,666
006490,0,0,0,0,0,0.2,667
023800,0,0,0,0,0,0.2,668
034590,0,0,0,0,0,0.2,669
129260,0,0,0,0,0,0.2,670
023810,0,0,0,0,0,0.2,671
249420,0,0,0,0,0,0.2,672
000230,0,0,0,0,0,0.2,673
013360,0,0,0,0,0,0.2,674
003120,0,0,0,0,0,0.2,675
317400,0,0,0,0,0,0.2,676
033240,0,0,0,0,0,0.2,677
000950,0,0,0,0,0,0.2,678
079900,0,0,0,0,0,0.2,679
348950,0,0,0,0,0,0.2,680
194370,0,0,0,0,0,0.2,681
025620,0,0,0,0,0,0.2,682
030000,0,0,0,0,0,0.2,683
271980,0,0,0,0,0,0.2,684
001560,0,0,0,0,0,0.2,685
003200,0,0,0,0,0,0.2,686
007110,0,0,0,0,0,0.2,687
007570,0,0,0,0,0,0.2,688
008500,0,0,0,0,0,0.2,689
081000,0,0,0,0,0,0.2,690
020760,0,0,0,0,0,0.2,691
103590,0,0,0,0,0,0.2,692
271940,0,0,0,0,0,0.2,693
015860,0,0,0,0,0,0.2,694
226320,0,0,0,0,0,0.2,695
002620,0,0,0,0,0,0.2,696
006220,0,0,0,0,0,0.2,697
089590,0,0,0,0,0,0.2,698
004910,0,0,0,0,0,0.2,699
004700,0,0,0,0,0,0.2,700
001550,0,0,0,0,0,0.2,701
462520,0,0,0,0,0,0.2,702
120030,0,0,0,0,0,0.2,703
018470,0,0,0,0,0,0.2,704
185750,0,0,0,0,0,0.2,705
063160,0,0,0,0,0,0.2,706
001630,0,0,0,0,0,0.2,707
109070,0,0,0,0,0,0.2,708
044380,0,0,0,0,0,0.2,709
013890,0,0,0,0,0,0.2,710
013870,0,0,0,0,0,0.2,711
071320,0,0,0,0,0,0.2,712
088790,0,0,0,0,0,0.2,713
003780,0,0,0,0,0,0.2,714
010640,0,0,0,0,0,0.2,715
001620,0,0,0,0,0,0.2,716
029460,0,0,0,0,0,0.2,717
281820,0,0,0,0,0,0.2,718
381970,0,0,0,0,0,0.2,719
145270,0,0,0,0,0,0.2,720
417310,0,0,0,0,0,0.2,721
357120,0,0,0,0,0,0.2,722
007810,0,0,0,0,0,0.2,723
003690,0,0,0,0,0,0.2,724
192820,0,0,0,0,0,0.2,725
044820,0,0,0,0,0,0.2,726
005070,0,0,0,0,0,0.2,727
005420,0,0,0,0,0,0.2,728
071950,0,0,0,0,0,0.2,729
002020,0,0,0,0,0,0.2,730
138490,0,0,0,0,0,0.2,731
003070,0,0,0,0,0,0.2,732
450140,0,0,0,0,0,0.2,733
45014K,0,0,0,0,0,0.2,734
002025,0,0,0,0,0,0.2,735
120110,0,0,0,0,0,0.2,736
120115,0,0,0,0,0,0.2,737
021240,0,0,0,0,0,0.2,738
036420,0,0,0,0,0,0.2,739
024720,0,0,0,0,0,0.2,740
192400,0,0,0,0,0,0.2,741
284740,0,0,0,0,0,0.2,742
264900,0,0,0,0,0,0.2,743
26490K,0,0,0,0,0,0.2,744
005740,0,0,0,0,0,0.2,745
100250,0,0,0,0,0,0.2,746
051630,0,0,0,0,0,0.2,747
272450,0,0,0,0,0,0.2,748
011000,0,0,0,0,0,0.2,749
002780,0,0,0,0,0,0.2,750
000650,0,0,0,0,0,0.2,751
033250,0,0,0,0,0,0.2,752
035720,0,0,0,0,0,0.2,753
323410,0,0,0,0,0,0.2,754
377300,0,0,0,0,0,0.2,755
009410,0,0,0,0,0,0.2,756
001420,0,0,0,0,0,0.2,757
055490,0,0,0,0,0,0.2,758
078000,0,0,0,0,0,0.2,759
214420,0,0,0,0,0,0.2,760
019180,0,0,0,0,0,0.2,761
363280,0,0,0,0,0,0.2,762
091810,0,0,0,0,0,0.2,763
004870,0,0,0,0,0,0.2,764
034230,0,0,0,0,0,0.2,765
259960,0,0,0,0,0,0.2,766
020120,0,0,0,0,0,0.2,767
039490,0,0,0,0,0,0.2,768
014580,0,0,0,0,0,0.2,769
015890,0,0,0,0,0,0.2,770
006890,0,0,0,0,0,0.2,771
003240,0,0,0,0,0,0.2,772
011280,0,0,0,0,0,0.2,773
004100,0,0,0,0,0,0.2,774
004105,0,0,0,0,0,0.2,775
005690,0,0,0,0,0,0.2,776
036580,0,0,0,0,0,0.2,777
004720,0,0,0,0,0,0.2,778
028670,0,0,0,0,0,0.2,779
010820,0,0,0,0,0,0.2,780
016800,0,0,0,0,0,0.2,781
001020,0,0,0,0,0,0.2,782
090080,0,0,0,0,0,0.2,783
010770,0,0,0,0,0,0.2,784
022100,0,0,0,0,0,0.2,785
058430,0,0,0,0,0,0.2,786
047050,0,0,0,0,0,0.2,787
003670,0,0,0,0,0,0.2,788
017810,0,0,0,0,0,0.2,789
103140,0,0,0,0,0,0.2,790
005810,0,0,0,0,0,0.2,791
950210,0,0,0,0,0,0.2,792
009810,0,0,0,0,0,0.2,793
086790,0,0,0,0,0,0.2,794
293480,0,0,0,0,0,0.2,795
039130,0,0,0,0,0,0.2,796
352820,0,0,0,0,0,0.2,797
071090,0,0,0,0,0,0.2,798
000080,0,0,0,0,0,0.2,799
000087,0,0,0,0,0,0.2,800
000140,0,0,0,0,0,0.2,801
152550,0,0,0,0,0,0.2,802
036460,0,0,0,0,0,0.2,803
005430,0,0,0,0,0,0.2,804
071050,0,0,0,0,0,0.2,805
006200,0,0,0,0,0,0.2,806
027970,0,0,0,0,0,0.2,807
023350,0,0,0,0,0,0.2,808
025890,0,0,0,0,0,0.2,809
000970,0,0,0,0,0,0.2,810
104700,0,0,0,0,0,0.2,811
017960,0,0,0,0,0,0.2,812
161890,0,0,0,0,0,0.2,813
161390,0,0,0,0,0,0.2,814
034830,0,0,0,0,0,0.2,815
071055,0,0,0,0,0,0.2,816
010040,0,0,0,0,0,0.2,817
025540,0,0,0,0,0,0.2,818
010100,0,0,0,0,0,0.2,819
004090,0,0,0,0,0,0.2,820
002200,0,0,0,0,0,0.2,821
002960,0,0,0,0,0,0.2,822
000240,0,0,0,0,0,0.2,823
123890,0,0,0,0,0,0.2,824
015760,0,0,0,0,0,0.2,825
007280,0,0,0,0,0,0.2,826
047810,0,0,0,0,0,0.2,827
123690,0,0,0,0,0,0.2,828
003350,0,0,0,0,0,0.2,829
011500,0,0,0,0,0,0.2,830
002390,0,0,0,0,0,0.2,831
053690,0,0,0,0,0,0.2,832
042700,0,0,0,0,0,0.2,833
008930,0,0,0,0,0,0.2,834
128940,0,0,0,0,0,0.2,835
009240,0,0,0,0,0,0.2,836
020000,0,0,0,0,0,0.2,837
003680,0,0,0,0,0,0.2,838
105630,0,0,0,0,0,0.2,839
069640,0,0,0,0,0,0.2,840
016450,0,0,0,0,0,0.2,841
010420,0,0,0,0,0,0.2,842
009180,0,0,0,0,0,0.2,843
213500,0,0,0,0,0,0.2,844
014680,0,0,0,0,0,0.2,845
004710,0,0,0,0,0,0.2,846
004150,0,0,0,0,0,0.2,847
025750,0,0,0,0,0,0.2,848
004960,0,0,0,0,0,0.2,849
011700,0,0,0,0,0,0.2,850
001750,0,0,0,0,0,0.2,851
018880,0,0,0,0,0,0.2,852
009420,0,0,0,0,0,0.2,853
014130,0,0,0,0,0,0.2,854
300720,0,0,0,0,0,0.2,855
002220,0,0,0,0,0,0.2,856
006390,0,0,0,0,0,0.2,857
003300,0,0,0,0,0,0.2,858
051600,0,0,0,0,0,0.2,859
052690,0,0,0,0,0,0.2,860
130660,0,0,0,0,0,0.2,861
002320,0,0,0,0,0,0.2,862
003480,0,0,0,0,0,0.2,863
180640,0,0,0,0,0,0.2,864
18064K,0,0,0,0,0,0.2,865
009835,0,0,0,0,0,0.2,866
272210,0,0,0,0,0,0.2,867
012450,0,0,0,0,0,0.2,868
082740,0,0,0,0,0,0.2,869
042660,0,0,0,0,0,0.2,870
003530,0,0,0,0,0,0.2,871
003535,0,0,0,0,0,0.2,872
195870,0,0,0,0,0,0.2,873
101530,0,0,0,0,0,0.2,874
143210,0,0,0,0,0,0.2,875
009460,0,0,0,0,0,0.2,876
372910,0,0,0,0,0,0.2,877
000880,0,0,0,0,0,0.2,878
00088K,0,0,0,0,0,0.2,879
452260,0,0,0,0,0,0.2,880
451800,0,0,0,0,0,0.2,881
489790,0,0,0,0,0,0.2,882
088350,0,0,0,0,0,0.2,883
000370,0,0,0,0,0,0.2,884
009830,0,0,0,0,0,0.2,885
000720,0,0,0,0,0,0.2,886
000725,0,0,0,0,0,0.2,887
453340,0,0,0,0,0,0.2,888
086280,0,0,0,0,0,0.2,889
064350,0,0,0,0,0,0.2,890
079430,0,0,0,0,0,0.2,891
012330,0,0,0,0,0,0.2,892
069960,0,0,0,0,0,0.2,893
004560,0,0,0,0,0,0.2,894
004310,0,0,0,0,0,0.2,895
017800,0,0,0,0,0,0.2,896
307950,0,0,0,0,0,0.2,897
011210,0,0,0,0,0,0.2,898
004020,0,0,0,0,0,0.2,899
005440,0,0,0,0,0,0.2,900
005380,0,0,0,0,0,0.2,901
005387,0,0,0,0,0,0.2,902
005389,0,0,0,0,0,0.2,903
005385,0,0,0,0,0,0.2,904
001500,0,0,0,0,0,0.2,905
011760,0,0,0,0,0,0.2,906
227840,0,0,0,0,0,0.2,907
126560,0,0,0,0,0,0.2,908
001450,0,0,0,0,0,0.2,909
057050,0,0,0,0,0,0.2,910
093240,0,0,0,0,0,0.2,911
003010,0,0,0,0,0,0.2,912
111110,0,0,0,0,0,0.2,913
008770,0,0,0,0,0,0.2,914
008775,0,0,0,0,0,0.2,915
378850,0,0,0,0,0,0.2,916
241590,0,0,0,0,0,0.2,917
006060,0,0,0,0,0,0.2,918
013520,0,0,0,0,0,0.2,919
010690,0,0,0,0,0,0.2,920
133820,0,0,0,0,0,0.2,921
010660,0,0,0,0,0,0.2,922
000850,0,0,0,0,0,0.2,923
016580,0,0,0,0,0,0.2,924
032560,0,0,0,0,0,0.2,925
004800,0,0,0,0,0,0.2,926
094280,0,0,0,0,0,0.2,927
298040,0,0,0,0,0,0.2,928
298020,0,0,0,0,0,0.2,929
093370,0,0,0,0,0,0.2,930
005870,0,0,0,0,0,0.2,931
079980,0,0,0,0,0,0.2,932
005010,0,0,0,0,0,0.2,933
000540,0,0,0,0,0,0.2,934
003280,0,0,0,0,0,0.2,935
